E,I_col,mass,damping_ratio,scale,roof_disp,drift_max,accel_max
197005916698.9158,0.0004542762924577085,12901.128216116802,0.03534088448970219,1.2086784046127081,0.00275285,0.00047158333333333335,0.437377
205127850954.66473,0.0004780708391494725,14495.6548262437,0.025622941007438525,0.7961092870244244,0.00187578,0.00032103933333333333,0.298657
193325759496.34326,0.00010443244820782385,13127.619243007952,0.04758202936538615,0.5990850351188833,0.0416597,0.0071846,6.65625
198646039535.43982,0.00011473838121031935,11459.423749767742,0.023764813658687718,1.360029709037591,0.035253,0.005962733333333334,5.71704
201045510969.04248,0.00026510767631368766,12364.897436922154,0.02186888490787249,1.2037960174161184,0.00527397,0.0008965900000000001,0.83802
196496514998.5809,0.00042062649867928743,7670.694281954978,0.04483910824099796,0.6292066614060371,0.000836844,0.000144346,0.132862
191829933301.54053,0.00010348298862102327,8800.642977984238,0.042766466521111705,1.6086709518764166,0.0258803,0.004337099999999999,4.15691
190250404840.958,0.00024888724808876344,8747.534046089797,0.03762671162423738,0.7992471501852958,0.00250782,0.00042897333333333335,0.398644
202627177147.7306,0.00046826641995711336,9438.87987166351,0.024189155964632177,1.5071843031762275,0.00217933,0.0003752966666666667,0.346436
202867429225.1801,0.00014521377109182558,14012.105282514209,0.03059760210011845,1.3377239570059176,0.0275172,0.004637166666666666,4.43135
209842760201.1748,0.0002522917980141234,8184.337626088074,0.04008843108773173,1.7375436261958208,0.00429109,0.0007367233333333334,0.682121
206506744989.11578,0.0003024825050241198,5567.440859507391,0.038642108870639694,1.8051697545871597,0.00227964,0.00039416,0.361904
201583537222.07626,0.0001304788386138955,14193.602701110125,0.04562046042441073,1.0485567853691315,0.034818,0.005921200000000001,5.64618
196236672904.72452,0.0004960610213153177,6053.075855027429,0.04154758301466056,0.7452914067169015,0.000631618,0.00010921233333333333,0.100248
191850746692.40094,0.0001524614538573705,10181.794904855476,0.022918841128742307,0.6122804221530356,0.00547827,0.0009191133333333333,0.874745
197045026708.6181,0.0001828750781918398,12138.661990026718,0.041219594202190735,1.5092255471037155,0.0125748,0.002112366666666667,2.00697
208667937001.29263,0.0002471506069799818,5805.45948271256,0.045739255309102826,0.8913969380019102,0.00147915,0.000255274,0.23487
196663068963.35248,0.00014232302463051662,9701.780743869178,0.021168355734611885,1.1160931364930662,0.00988385,0.0016589633333333334,1.5765
197797291854.31973,0.00045794028806948693,13840.921211050401,0.04422691535334092,1.9761176784422376,0.00485171,0.0008302433333333333,0.771073
191616711496.6136,0.00027010976483168484,6199.132894308384,0.04327967036265751,0.6553619699430334,0.00117377,0.000202317,0.186397
205782410682.97797,0.0002456242304258384,8672.406507757212,0.04827449274247026,0.9681763458804079,0.00274316,0.0004700466666666667,0.435977
205045906252.45218,0.00020466768738628365,8265.889950714876,0.03311977066468792,0.9746625362014133,0.00334146,0.0005711333333333333,0.531662
208938942865.62512,0.00017465998598793566,10385.332743387917,0.030662421759515047,1.8029264701956915,0.0109966,0.00185967,1.7555
200939883274.54346,0.00015624614454808316,14825.04212562422,0.03337066439307067,1.56179951772215,0.031239,0.005262533333333333,5.02842
202665654330.32608,0.00037362968289722634,13587.197945149715,0.04692572805435126,1.8217989960751435,0.00552172,0.0009431366666666667,0.877904
194157997127.15396,0.00010998808848720498,6614.894057528119,0.04670389906202427,1.3307477053096552,0.00936207,0.0015804800000000002,1.49292
192121823888.55704,0.00012109767243533019,11676.028173071241,0.027367565331195314,0.735185979563251,0.0187826,0.003176323333333333,3.04313
200425340667.30228,0.00034939236101080493,12950.94788364806,0.04874532566055927,1.4124758763710858,0.00445691,0.0007610766666666666,0.708515
207353943806.20953,0.0004866663763120446,5476.28527502386,0.035521713940045094,0.8126958207903651,0.00059285,0.00010262200000000001,0.0940857
209736832994.2985,0.0002575077014507151,11860.434638223738,0.02626912193918437,1.574193251467423,0.00635015,0.00108123,1.01215
194914878512.85287,0.0002622646548125416,13106.83268329516,0.045110575124818204,1.1538275742629873,0.00590894,0.00100153,0.941009
200385350689.43552,0.00024259010018191896,14690.41168651917,0.04519964979265653,1.9613517296310685,0.0133044,0.0022427366666666667,2.12031
193677544219.96423,0.0002256527850420308,5669.237608649149,0.044438519854810024,1.5237175209863263,0.0030051,0.0005177433333333334,0.477368
207497918792.6954,0.00027093097667250574,13781.588826999487,0.04034959274390628,0.8436034703737483,0.00402657,0.0006833,0.641246
206397345968.38815,0.0004841357021050324,7982.715216952147,0.027571661475221665,1.2822509901297559,0.00143852,0.0002482543333333333,0.228242
201465102975.68338,0.0003753925125931295,10579.226936446496,0.0368850347236136,0.899228788356119,0.00196397,0.00033707666666666665,0.312224
193769145753.9435,0.0002184620563672551,10294.815829780515,0.04926934380788495,1.1567017232184944,0.00542507,0.0009218266666666666,0.863601
197436565221.32748,0.00016192888407169626,5016.762961494667,0.03873131236632203,1.0073683269683342,0.00252622,0.0004342666666666667,0.4016
192686327289.32455,0.00020560026584411125,12196.248461607605,0.039658004231809436,0.8257564794612502,0.00579383,0.0009764966666666666,0.923818
196060646303.5264,0.0003376501173751256,10625.227796646042,0.03509482589746499,1.9960470976092977,0.00520116,0.0008909666666666667,0.826941
198022337254.02036,0.00028570202406347526,13887.976975476528,0.024845390303040834,1.611958551254633,0.00773807,0.0013124733333333331,1.23461
196544368712.99765,0.00021483831883431913,12746.668997973036,0.028392553472651752,1.8854894482237359,0.0127982,0.002158066666666667,2.04029
198609724834.26968,0.00028355796451144037,7026.783714722634,0.03232236695493121,0.688127202225334,0.00129709,0.0002233803333333333,0.206101
195948503923.68304,0.00031578358000253584,9510.212262275458,0.029832147152360378,1.0277746352832673,0.00252842,0.00043365,0.402361
204555383987.6395,0.00043457071592094694,8145.572538758132,0.03101318357117301,0.6376379682364176,0.000836184,0.00014421766666666667,0.132807
209562816057.29,0.0004788341327652378,6246.934264992911,0.024125260043358653,1.7526365934757806,0.00148594,0.00025700399999999997,0.235857
193567899765.25455,0.00019927053505313833,8606.011048047574,0.03048041980363623,1.055979442510524,0.0043471,0.0007406333333333334,0.69267
208255034236.36758,0.00040611120239242196,12095.172059737586,0.036836421074749756,1.4274604824337873,0.00321066,0.0005505533333333333,0.509994
203687674253.22372,0.0001336257511526763,9337.143405115286,0.028776026123146767,0.9619181684015429,0.00831415,0.0013965433333333332,1.32514
206140249737.40848,0.00015010136271067584,9294.19049026502,0.04301345349475656,1.2786907941669443,0.00853335,0.0014411933333333333,1.3597
191485270912.9894,0.00025409452843051106,7339.647849789644,0.0224076237815296,1.7873493476619333,0.00427822,0.0007347633333333333,0.680514
196909622615.4244,0.00039494685809616484,14439.420651627557,0.04457758551419007,1.6149118741992146,0.00513712,0.0008764366666666667,0.81668
190419783106.21368,0.00023087422844414945,14372.86174017735,0.03129387678905135,1.1106363435667066,0.00879377,0.0014774366666666667,1.40535
201728882225.86005,0.0004943570240662109,13987.437584317177,0.03275596931889898,0.8791120563778372,0.00193734,0.000331814,0.308069
193176249869.4303,0.00027959542931831245,6638.354899194758,0.021322329976988134,1.6234666562284843,0.00300477,0.0005176066666666666,0.478459
205082578714.13104,0.0001232932428550943,7552.6502156703245,0.03645723327106522,1.577409576309367,0.0104197,0.0017608633333333335,1.65966
209312709224.0419,0.00027228042661455224,9471.658638470657,0.037065753245993774,0.8575958989242531,0.00233273,0.00039977666666666666,0.370726
196791617077.53284,0.00017256787584033753,13774.804639681224,0.03504287754422892,1.3467851732580205,0.0171116,0.002857076666666667,2.74032
190147968865.11383,0.0004893760018040571,6771.797006900667,0.03405669208605753,1.0170198806643862,0.00102694,0.00017736033333333334,0.163063
208284827961.66284,0.0003166243183125573,6890.864811195011,0.02267288603883194,1.727880033274663,0.00263141,0.0004540266666666667,0.418594
195532625606.96347,0.00045889765974174663,7113.675027432824,0.045772957847550366,1.8807765029660115,0.00208976,0.00036081666666666666,0.331739
207260933320.58212,0.00036894647493578047,14932.631745277178,0.020661649017962823,1.8001227294703468,0.00615453,0.00104911,0.980759
198378032427.46704,0.00039664391924532875,9796.405397662384,0.02695206872419654,1.143947150881636,0.00216158,0.0003715533333333333,0.343672
205489090878.42676,0.00013149287862158115,12241.04791966004,0.0234936539022151,1.264796826918495,0.0221062,0.0037110999999999997,3.55152
206787841067.67722,0.0004674706950896491,5091.440816417358,0.04964940303156529,1.7266026138788024,0.00121834,0.00021100066666666667,0.193348
194748680947.1583,0.00029791005980189545,13941.60745431895,0.04786297704920474,1.6433181476277356,0.00759922,0.0012898866666666666,1.20943
190983147329.16623,0.0001606219035663448,10718.795801184962,0.029548987702171153,1.1976193913249797,0.0107889,0.0018097166666666666,1.72334
196083616370.51767,0.00044261859417811885,5283.058152102716,0.03889278742474034,0.6984812518032745,0.00057696,9.986433333333334e-05,0.0915709
207301603101.1459,0.000370569193971874,12831.272592640833,0.04164793953268302,0.704475704595157,0.00193775,0.00033150466666666663,0.30802
191189432946.3388,0.00019375317638403234,6787.799894030393,0.031357330815154086,1.3794524525586556,0.00427023,0.0007312666666666667,0.679103
195987890634.4355,0.0002823193148378701,14175.81042309583,0.03196250112928445,1.7691277296287948,0.00908077,0.0015383866666666666,1.44653
198728086629.43292,0.00044425622970359737,14813.9978666,0.03564867470053979,1.7328198691600776,0.00481527,0.00082262,0.765929
207882979742.83417,0.0003568364657857275,8842.723290044945,0.023097368508557207,0.5363077394424124,0.000958692,0.0001650153333333333,0.152113
208883786467.86072,0.0003300231785800664,7716.120869212096,0.0430550600179207,1.4252715210167994,0.00235749,0.00040632,0.374325
196272393573.67554,0.00019522389298363686,9098.399727560209,0.03142354534949997,1.8260828164882859,0.00826634,0.0014059266666666666,1.31776
194630569070.76877,0.0002689869545494016,6840.572108625723,0.03856280972381815,0.9377477615017482,0.00187017,0.000321927,0.297071
202418866256.2168,0.00010231316907507316,13534.256693391513,0.03970660462685943,0.9628917814641234,0.0766747,0.013226766666666667,12.2526
199949731705.52734,0.00011803396286267902,6938.936958053995,0.035272900066122014,1.3247568291815122,0.00850895,0.00143888,1.35615
194876142097.95197,0.0001929910129710802,13616.127066888599,0.032399009325069755,0.6843723420849434,0.00667787,0.0011175533333333332,1.06805
192455109150.95773,0.00016697442094515747,13062.260227197723,0.048078428342670045,1.1308350969733842,0.0143487,0.002395206666666667,2.29691
198508860069.24396,0.00044648412883887574,10522.222698702297,0.02457626597509321,1.3170547750908288,0.002352,0.0004042466666666666,0.373329
199728756371.1689,0.0003928291495404332,10926.103918370256,0.03083793486994536,1.9109164807152212,0.00415459,0.0007128733333333333,0.661024
205225152025.41608,0.00010926014165260784,13802.15692168197,0.046543841301521345,0.6917225931771389,0.0413696,0.007106266666666666,6.68018
209939226067.40564,0.0001436053750525029,9274.91174408023,0.042338957693056734,1.4205796786623381,0.00990478,0.00167139,1.57896
191368008657.54562,0.000166040163216113,6454.977892318689,0.039533832116719084,1.8406734180714615,0.00657837,0.00112434,1.04642
209799796895.78793,0.00018186896896033164,10948.217469910946,0.021107779716913105,0.5418657382938297,0.00336308,0.0005684533333333333,0.537771
200971152291.21417,0.0002242925257696866,11168.19812975678,0.0440494348869297,1.8589167994865772,0.00899369,0.0015270433333333334,1.43238
193095247212.5649,0.00036183660294264317,7254.936446856542,0.03600349520441297,0.739265804155164,0.00111941,0.00019301666666666668,0.177734
195076297950.89502,0.00029984121474468,7635.512658093594,0.030794288200615565,1.2512949829307753,0.00249633,0.00042948666666666667,0.396559
193550493742.93234,0.00013711120162563533,12206.349262914906,0.04331970325030371,1.3053912026292238,0.0235483,0.003957233333333333,3.78501
206998446146.2495,0.0001691898939235814,14475.604997270882,0.021203085386269773,0.958049349923844,0.0129349,0.0021616799999999996,2.07815
206166524647.98773,0.0003973381583294769,11735.540508326178,0.03958456150700383,1.6908809894915018,0.00380985,0.0006533666666666667,0.605195
201717197350.19348,0.00034201089893943533,14889.71519442929,0.040657532032401314,1.9987366764670946,0.00787551,0.00133975,1.25299
201104840672.20135,0.0002160244736640014,7523.435933907758,0.04343139690046377,1.8740686128749586,0.00537118,0.0009206333333333333,0.853814
192592292178.39655,0.0004610578960169474,10519.51621945452,0.03297205180263622,1.6252226159980798,0.0028969,0.0004977866666666667,0.460045
200788548176.21774,0.00018649375580397483,8258.959452406192,0.031062235979329052,1.1948930736009604,0.00483014,0.0008233933333333334,0.7693
207687310954.43198,0.00014036973722870026,7397.352878702039,0.02053835648894718,1.8946548869820705,0.00952567,0.0016181933333333333,1.52246
203157762318.6742,0.00015951981661837427,8399.575853936078,0.049117048119791756,1.3420531564752103,0.00694607,0.0011791533333333334,1.10609
194052227565.2973,0.00031869680874931804,11809.455355444368,0.03377296115206351,1.8134660020417843,0.00598445,0.0010216,0.952825
197547185021.1859,0.00010697083685993736,11216.248154480429,0.04271055368204643,1.074735448078191,0.0333698,0.005662866666666666,5.41258
199070425109.9612,0.00010573905979945155,12874.025715181244,0.021400130587460403,0.757472427713558,0.0629811,0.0108261,10.3437
209499005117.539,0.00039557863231579765,7562.701891824627,0.03655369956849992,0.7420400021094385,0.000966852,0.00016687033333333333,0.153535
194513669774.55807,0.0004979354368298769,11774.882623539022,0.02398438367240087,1.6912648651124835,0.00311757,0.0005351466666666667,0.495884
198778194944.5683,0.0004013183308458045,5406.012461724387,0.02591671443759934,1.5985677078904188,0.00148495,0.0002569883333333333,0.235927
201813650694.64035,0.00042207580557419,6284.4023284630175,0.033717718504095454,1.886007524049972,0.00192876,0.00033344,0.306165
206428720838.5661,0.00031367910004747196,7697.520227428917,0.04648320880671815,0.9808524593539589,0.00174386,0.00030039233333333334,0.276945
198846842079.21567,0.0004156488045631218,9870.304307616118,0.027959476594405543,1.5876867700229649,0.00285181,0.0004903633333333333,0.452519
201768557523.78595,0.00035914446269611665,9649.031279835008,0.021607531309122255,1.3957708668252806,0.00286388,0.0004920233333333333,0.456306
198589429552.90793,0.00015528612965504983,11124.054491102706,0.04640451365147209,0.9437217916965293,0.00904563,0.0015146066666666665,1.44504
199670070347.35303,0.00022939204018405365,8561.59827094043,0.042176282042190955,1.2549981040101525,0.00399738,0.0006838566666666667,0.635604
209832570996.81726,0.0001424428908290345,11621.197720417731,0.0222739960575558,1.98640223119667,0.0227773,0.0038017999999999997,3.63945
197305782124.7718,0.00016770242394455585,9224.932228559743,0.04944640772532683,0.9028722559911584,0.00528156,0.0008942366666666667,0.841713
203206990381.8377,0.0001006221074762438,6702.648211461522,0.026740789116323323,1.476094832600491,0.0116649,0.001964126666666667,1.86575
192275320638.25726,0.00033718120942412207,7897.593789090108,0.031150707172320248,1.268043496439101,0.00232613,0.00040037,0.369543
191033408787.94714,0.00038318294295508216,5324.459122300486,0.0420072426643687,1.0794392818065033,0.00108471,0.00018766766666666665,0.172195
199631356647.68613,0.0003789735120351225,7916.008948192319,0.047294036643192414,1.1804352345191278,0.00180475,0.00031107266666666666,0.28657
203965423652.68576,0.0004529381343293811,10347.231070716265,0.037898683784518494,0.9152017756093527,0.00152319,0.0002619783333333333,0.241893
196145625853.19974,0.0004267540133668368,9365.032112902638,0.04553617117597291,1.0130714576568143,0.00168169,0.000289375,0.267028
190206481363.66092,0.00018396289178987429,12269.054586577218,0.028460199179519176,0.9927346747251315,0.00903341,0.00151429,1.44367
192411688699.03058,0.0004230694708727577,6550.939076423449,0.02669154254636475,1.0925256814009068,0.00123279,0.00021295233333333335,0.195466
203502645231.29443,0.00022694432149665842,14655.023280325047,0.04354092792538777,1.1706603911920181,0.00870128,0.0014642366666666668,1.38864
191886000012.62192,0.000146762073751459,11147.354569898785,0.04397191473914824,1.4463577537851289,0.017181,0.0028638666666666664,2.7483
198143989158.42416,0.0004360883826393103,5897.312907804175,0.03908504980307642,0.5056302692386332,0.000474094,8.199599999999999e-05,0.0752599
196453127923.17914,0.0002194008634041044,14565.203810198629,0.023306970145511037,0.79099155770992,0.00667745,0.00112053,1.06412
199268753092.03973,0.00044885187795737813,5549.8102172018225,0.024307792198990135,0.9181246888757824,0.000774625,0.00013404766666666665,0.122859
198811743123.54126,0.0002873629108650399,9056.996682597673,0.025342528488471152,0.5982183110994176,0.00152991,0.000262361,0.243137
208705870520.11084,0.00038660107282518775,5521.352935118199,0.025789208303638334,0.8757986597055429,0.000821942,0.00014226900000000002,0.130618
195785633640.68057,0.00023399878361389016,13249.717636011957,0.029064611631969994,1.1810162165063756,0.00743541,0.00125539,1.18589
201921480375.46313,0.00016399669989842312,14957.138197410746,0.027865588849097712,1.6610516852601114,0.0288071,0.004840333333333333,4.62927
199544726785.01938,0.00035657596246412655,6909.508278554593,0.04949314746211994,1.7223988523672682,0.00240868,0.00041570333333333333,0.382434
192854873317.24298,0.0003555686704441053,12395.437412592775,0.037132322278051993,1.4571068305308317,0.00446112,0.0007620566666666667,0.709425
201551240982.7567,0.00032322369715945325,12008.092851061774,0.04886917730380992,1.8178227144087962,0.00570204,0.0009742166666666667,0.906472
209436019959.46967,0.00035938823522865023,13358.087769469805,0.02994684409839203,0.5721547155383099,0.00170945,0.00029209066666666664,0.272125
190314502957.13226,0.0003630962114728217,8781.768919422015,0.030272142823990395,1.376483656314179,0.00266437,0.00045809333333333334,0.423728
194786769440.40405,0.00035372985921569805,8037.083366390153,0.034189977743730664,1.2468542311367128,0.00217097,0.0003737966666666667,0.345037
194839181399.34247,0.00016983360639337137,6102.32186922881,0.03208979435775149,1.890907513925819,0.00589746,0.0010102,0.937625
198695074682.8143,0.00020179906381830357,13736.079199286743,0.0428076603190401,0.6801300369365483,0.00586573,0.0009843066666666666,0.93618
207730709842.5591,0.0004748875783535644,13481.858021197864,0.048610674518321254,1.6066567473808613,0.00342035,0.0005862933333333334,0.54331
200269205313.461,0.000259273935311358,9669.141962990878,0.03261934218068869,0.5836668068860335,0.00185366,0.000316964,0.29482
193610623232.09076,0.00028085935925081324,7972.186751364001,0.04528716890096507,0.6457067957618613,0.00149037,0.00025599933333333335,0.236797
204453881377.76175,0.0004997661825262758,8702.778464913812,0.0281517715441012,1.4215507200658382,0.00171748,0.000296129,0.272702
200066809532.46396,0.0002987738477441512,13435.66921239952,0.03189385148661137,1.867946888949767,0.00781516,0.0013288733333333333,1.24496
193288792445.1446,0.00048824219273112073,9989.447271078814,0.04534128667738588,1.628258010127491,0.00253597,0.0004362433333333333,0.402741
199824134780.84137,0.00019667966918024686,8820.031022353929,0.040765916953937095,1.1041093230235168,0.00457756,0.0007798733333333334,0.728679
204237651056.09796,0.0004698580217293904,6028.701489184476,0.034137702187706856,1.3732691321696002,0.00117586,0.00020338833333333333,0.186667
199986434905.92917,0.0003149632126594301,14334.990513998182,0.032002905671603375,1.7209379823533741,0.00734042,0.00124739,1.16833
208223013268.6707,0.00037619297110934194,6158.238293173768,0.0461894737934155,0.5531279614446206,0.000606705,0.00010490566666666667,0.0963104
204972617033.8623,0.0003926873483640759,6677.116527077401,0.0314609745008332,1.4925876903239224,0.00174193,0.00030095733333333335,0.276577
209663424979.4565,0.0003242487357853479,13821.942322517834,0.020469368945559428,1.5702987691536274,0.00567149,0.0009665933333333332,0.902682
198892173082.5586,0.00029481005271556895,7768.388562379416,0.034240424213523676,0.6488141189123562,0.00131824,0.00022676300000000002,0.20941
207049919517.87387,0.0002677256613862638,5799.600035400415,0.028220192298145957,1.1673029115396094,0.00177641,0.00030675200000000003,0.282233
209108799928.3239,0.00014146402988667633,13751.456130559493,0.021470192205122317,1.369214019478311,0.026066,0.004384333333333333,4.1883
197711948994.85104,0.00030626813466877825,14914.165896170742,0.04286406023976291,1.5638670406902282,0.00753199,0.0012772033333333334,1.19959
190800753920.98788,0.00048319938288341976,7219.2960527243,0.034603667362047924,1.4069836909473867,0.00154311,0.000266357,0.24501
190700223820.40054,0.00037207010942640425,9484.425543206853,0.027116883086167713,0.9670747313433962,0.00199455,0.00034258666666666667,0.317338
198285018277.72992,0.0003919381736653869,12709.913821089503,0.0409835443295439,1.9080581454440144,0.00510858,0.0008739866666666666,0.812006
202352368190.25394,0.0003534612266662086,11306.67935131692,0.03251056439570667,0.9284743745904912,0.00237285,0.00040648333333333334,0.37704
207197642824.04684,0.00023169584014040172,5908.863691642159,0.045876194060402074,1.714085745091591,0.00316878,0.0005463166666666667,0.503243
193237007514.3914,0.0004135463928765789,14302.773332357989,0.020976403528132705,1.3103076343148843,0.00397607,0.0006785633333333333,0.635017
205437471490.15518,0.0001488334772378526,13972.666887986396,0.026086745952480533,1.8106710105850772,0.0325368,0.005469133333333333,5.22662
205470767066.33374,0.00012733579381526129,7418.24866729574,0.03489748821959718,1.3572916143474227,0.00819152,0.0013867466666666666,1.30697
209556167700.19028,0.0001914204036016784,14065.969571842234,0.02183749042399711,0.5178934997996119,0.00472942,0.0007925666666666666,0.756422
203412577568.99115,0.00022998674998420425,9145.053475442292,0.049815091428493524,1.1013490168310853,0.00373335,0.00063802,0.593682
196878716809.94916,0.000317232525894427,7793.466695181247,0.030917951967661256,0.7920205841064423,0.0014954,0.000257382,0.237625
209323154600.0655,0.0002203266725049318,5853.142242063032,0.023015926792348235,1.3535575672419102,0.0026002,0.0004481366666666667,0.414381
197456213765.28745,0.00041072722203632715,5987.701432714168,0.03481113742431753,0.9730269942633444,0.000995438,0.0001721213333333333,0.158011
203654511299.97147,0.0002925166690190615,10768.692254589641,0.025499999703951982,0.6588321533693688,0.00201296,0.0003442133333333333,0.32063
199718744323.11377,0.00043185765728684107,12424.349935041671,0.0468552108594429,1.471495924083864,0.00334329,0.0005729766666666666,0.531135
192028477812.4703,0.00013518022944166786,5742.208212548792,0.0372979723639713,0.6258617979676144,0.002532,0.00043201000000000003,0.403054
203021745497.15787,0.0003253223643290709,13040.088795281541,0.04593688016876102,1.4740117236412564,0.00509506,0.0008690400000000001,0.810387
196807634616.70825,0.00025544360282650855,10132.168565982787,0.04023652808138217,1.872265311268313,0.00664568,0.0011342766666666666,1.05727
199302106206.3089,0.0003388261072597558,13191.138449030264,0.041954423665401995,1.241484602162028,0.00423138,0.0007217266666666666,0.672944
200639144873.83945,0.00036428066369224523,11562.4409224002,0.026138578990570673,0.7802153123799432,0.00199711,0.00034204333333333337,0.317403
202889043557.48755,0.000473123638491688,5395.6486216941385,0.03325331377259233,1.2939944550726055,0.000980403,0.00016970533333333332,0.155618
192989129978.05637,0.00013576233368369,6838.891335300358,0.030344942811065853,0.920331998980212,0.00482629,0.0008193300000000001,0.767787
206566450946.16266,0.000201474281267083,12999.203257588675,0.030521262663525207,1.5655906694818238,0.0113269,0.00190771,1.81037
202763760878.52084,0.0001863447073367717,6518.020382251802,0.025828256722037146,1.7583154633454285,0.00501437,0.0008599333333333334,0.798987
198974763038.00607,0.00046952572335016876,11475.749811420606,0.027859076087312404,0.8722579696506207,0.00162629,0.00027925266666666666,0.258561
202022726739.42288,0.0002372950845063609,11233.236982584693,0.03386284811584193,1.2575606211173147,0.00558492,0.0009496066666666667,0.889142
193860156677.9378,0.0002682287315972182,6644.512725391296,0.049019144554793594,1.9513919726597924,0.0037838,0.00065158,0.601011
192807568588.72333,0.00044377797069308485,14553.909380917137,0.04988177219620632,1.9890566380921049,0.00562276,0.0009603666666666667,0.89358
198184525077.71225,0.0004050790715043145,12884.8352433178,0.03021799428871057,1.596152919938718,0.00417357,0.0007140966666666666,0.66394
207576171323.91745,0.0004955083437259771,8102.1056225259945,0.026239227206723975,0.6508582949641906,0.000719014,0.000124076,0.114231
206847549299.1418,0.0004259562520968389,11943.132267454846,0.04140282074239032,1.7678358154206353,0.00371781,0.0006378833333333334,0.590578
209467634948.3921,0.0003879426562130374,11401.016554466943,0.04174825043173365,1.6335592386316162,0.00358235,0.00061469,0.569294
204038977464.13873,0.00025175043609901147,5058.9049269754005,0.03217289065513708,1.6775097665722858,0.00237531,0.00041058666666666664,0.377401
190759414587.1093,0.00015340457568812922,6004.820291692875,0.038103686634249304,0.9479825814397116,0.00343523,0.0005871133333333333,0.546273
200013327432.22083,0.00012283211963975494,14660.235584105863,0.024933479375511998,1.6029746730993593,0.108668,0.018643533333333333,17.801
206651887037.23892,0.00029563120432940336,5586.797539551223,0.04850024365560699,0.5804750579094566,0.000754889,0.00013050433333333333,0.119849
195726626538.07535,0.00031021688452351984,9017.060867056123,0.03740260269918318,1.7046899217141935,0.00400739,0.0006878166666666667,0.636931
202180871763.69464,0.0004090256704688556,14534.783564724697,0.029691010156183764,0.8468265658680968,0.0025024,0.00042731999999999997,0.398062
194665411038.80792,0.0004275635233283291,8991.200043617728,0.04667071840123888,1.5809269334737663,0.00251614,0.00043316,0.399557
193508591169.48056,0.00043383502262961285,9632.13142556849,0.02803880723246533,1.5859617784157916,0.00271641,0.00046719,0.431808
202503586343.6678,0.00011311882378932732,8941.269162313241,0.041426235438231915,1.1454797553358098,0.0131297,0.0021914933333333332,2.09974
191088186671.93576,0.00037327084536343185,13335.04414890947,0.022019665588923612,1.4862953604136873,0.00478094,0.00081576,0.762397
194017651283.37427,0.0003836069424328111,10331.390066331564,0.022172825658652556,1.3708706610059243,0.00296935,0.00050958,0.473713
205988370648.8179,0.00045707084643412154,9736.809089759081,0.03870276665567789,0.896144382844794,0.0013559,0.000233434,0.21527
192621996349.02362,0.000462830426349584,6278.881266222771,0.04627409140929544,1.7655343887660384,0.0017165,0.00029666699999999997,0.272451
196575101698.44177,0.0001686882801488559,10207.098853183372,0.035834629047223746,0.7165404790258683,0.00502001,0.0008466466666666667,0.800957
198083429993.94852,0.00012416150335687812,8305.4058266892,0.02369778771658475,1.3081884166348834,0.0109586,0.0018422333333333334,1.74716
191708719881.53247,0.00032682211867129333,9756.480152782427,0.0414804172038033,1.6160753932668106,0.00404272,0.0006930966666666667,0.642592
203194001941.44214,0.0002032616464625167,6866.490681951443,0.022978988388578266,1.9488011721175007,0.00528815,0.0009072933333333333,0.841209
196038122502.6778,0.00017692299528380046,12290.533652519294,0.04222961273989605,1.8617986125953436,0.0172141,0.0028850433333333335,2.75135
203110531517.29138,0.00027140712472111396,11062.704241714455,0.04954338036554802,1.5133335020472123,0.00533692,0.0009108133333333334,0.848878
208369131080.17685,0.0001440052074135559,11398.582321452914,0.028334868285758947,1.5203812493232145,0.0165137,0.00275923,2.64506
197620361068.07257,0.00028482639603347247,13087.153022891122,0.047319520402821835,0.9382752900361625,0.00411952,0.0007000933333333333,0.655418
209968322814.68857,0.00011155077016226159,13168.869130622983,0.044486812067693275,1.5506888965390362,0.0625414,0.010667699999999997,10.1526
198240170818.1427,0.00047728495781702846,11182.098866750985,0.03921178347327357,1.7488805762850512,0.00311008,0.0005342933333333334,0.493943
197336532829.68912,0.00017605506156828936,10267.471132330209,0.04931434716295775,1.6648253617722757,0.010786,0.00182208,1.71925
208629557959.51166,0.00022379926687959048,8006.464534284646,0.036967970367180976,1.9653494459528669,0.00556361,0.0009536700000000001,0.884947
193916163854.81494,0.0003612114704745751,7745.298209519333,0.023152527110906245,1.7018845119317831,0.00277717,0.0004784766666666666,0.440411
192649172496.3308,0.00040234246569075086,14133.678172140115,0.04701092670284056,1.4487651835583772,0.00449549,0.0007671966666666667,0.714672
203058154928.4732,0.0004047894320526415,14733.807943553897,0.020956178453779093,0.8074907550473928,0.0024543,0.00041891,0.391914
193432320219.01917,0.0003351715727528854,7045.886193540166,0.040284939821327345,0.9501558432128724,0.00151737,0.00026160100000000003,0.240973
202551031416.1684,0.0003002863854490177,12787.098246985071,0.04764853831284984,1.1411326092378788,0.00431149,0.00073456,0.685642
207390475143.98447,0.0002420835476295587,5310.407267038258,0.040501573879823435,0.7615270322929886,0.00117272,0.00020256933333333334,0.18625
196300916985.0025,0.00011077466254991174,11597.021139353654,0.03097436446253043,1.7611827985340975,0.058658,0.009966833333333334,9.54435
193254437096.25494,0.00036709201746670865,9413.371629990423,0.025208399992823864,0.9965068824622283,0.00203577,0.00034974,0.323795
208540964838.97342,0.0003310543093486885,14708.499994146543,0.04087095933347734,1.498668505361251,0.0057886,0.0009853066666666666,0.921245
192743931978.0683,0.00024113916023344345,14978.800220362285,0.03594658622861366,1.4422305102807198,0.0110935,0.0018647433333333335,1.77222
201310388835.2526,0.0004458964181006017,12405.569915320397,0.03356134362387067,1.9547816163343952,0.00421853,0.0007233033333333334,0.67074
200517823414.08823,0.0003230645774728325,11535.40637742185,0.026374225697267203,1.0426326892341555,0.00312515,0.0005342666666666667,0.497978
190064788681.2705,0.0003440696825843513,13297.351686389935,0.039145270833745624,0.8507447173901888,0.00307248,0.0005234833333333333,0.488632
200536932545.1623,0.000218393522759277,8451.338319702892,0.04406394084619812,0.853580357613743,0.0028411,0.0004857633333333333,0.451749
207782384717.27353,0.00018155565540049328,6727.587667364066,0.030400984600314623,0.5678365506053615,0.00169295,0.0002901373333333333,0.269463
204089094583.9253,0.00048527863899142435,11985.825487421032,0.028071050784767758,1.6796607694216164,0.00307653,0.00052825,0.488884
199764568607.67572,0.0004759776468531514,6346.206046275472,0.034550545866841684,1.4819445029749971,0.00135748,0.00023466933333333333,0.21548
205305843055.47473,0.00017113362927169147,10444.33126266876,0.04814356062793807,0.5275316398226993,0.00345395,0.0005833866666666666,0.550512
194685404199.0332,0.00017831491336492178,5446.085241352584,0.025738894066347887,0.5136804900073911,0.00128983,0.00022164666666666668,0.205424
204599942292.5698,0.0004525105474283652,8066.18660981733,0.02873653475754337,0.6625753089510643,0.000819961,0.00014145466666666667,0.130086
195593041962.40735,0.0002970412667091129,5828.553268782599,0.02260183323679021,0.8838428128227136,0.00128135,0.000221274,0.203562
195292143395.98337,0.0004480016499439259,9551.005330794778,0.038328285386983234,1.8498469617449762,0.00298452,0.0005135366666666666,0.473927
192383997683.2801,0.00029377815323248797,11642.200119494692,0.04061615389544535,0.9793783835000796,0.00359373,0.0006126366666666667,0.571403
190000819220.66043,0.00036481037671763796,10053.984807971008,0.034676620903193976,1.2901325625774385,0.00294981,0.00050604,0.468711
195208880906.05692,0.0004810140771383577,6584.377994699455,0.03584710610253333,1.2226430973596156,0.00118373,0.00020453233333333335,0.187873
199579728431.5936,0.00036032097452542576,12335.615057636409,0.042426513675507704,0.7203707922579279,0.00205262,0.0003510233333333333,0.326343
201665657629.15558,0.0004556471678238013,14266.902027131438,0.0354276901301637,0.8206917197674273,0.00205833,0.00035211666666666667,0.327289
203370997874.67395,0.0003043990583339305,11889.336444601606,0.03285403294590383,1.9709533040890406,0.0065524,0.0011186866666666668,1.04315
195668915669.7552,0.0004642312541768829,14798.060841874718,0.04699549569616928,0.8941385193015142,0.0023888,0.00040822,0.379655
198931855313.82513,0.00029299855257314413,5213.187187625031,0.027628476462279866,0.6158638631571047,0.000780573,0.00013498066666666665,0.123945
199226437706.4039,0.00019061268896982444,9107.707130671157,0.025241712144797656,0.5195922281049095,0.00239257,0.00040681,0.382128
200888921136.22427,0.0004948921586293512,9829.16698656539,0.0492130515639367,1.5040484030190509,0.00216075,0.0003719766666666667,0.343089
204877917401.3167,0.0003011041423416493,7938.260493764281,0.021553941239034646,0.90986423041076,0.00178454,0.00030707866666666666,0.284319
206071997758.31766,0.0001758522801616931,14845.515099984106,0.027540937182615716,1.547473941456845,0.0202768,0.0033863999999999995,3.25063
206544347994.25058,0.00024866767313387275,7518.247310942393,0.0477485516983371,1.468505623210332,0.00337721,0.0005804433333333333,0.53656
206106252716.53326,0.00019237883906464724,14115.166979459518,0.03843614342916035,1.1857679051897245,0.0111081,0.0018608000000000001,1.77494
203309729216.86432,0.00013273661460002191,13700.12823768072,0.04883122314847634,1.4993217535188492,0.0379547,0.006420800000000001,6.12872
193388090877.06412,0.0003781355148120068,10237.36912539454,0.041162918483508115,1.4117599287711595,0.00308612,0.0005296466666666667,0.490462
193039862059.1582,0.00015770732140580495,5186.895586518293,0.03805086984518602,1.9277683153023424,0.00539223,0.0009254799999999999,0.857641
209206979848.34653,0.00026630671548477105,12223.347975951592,0.02567449426564621,1.3018129578136266,0.00524687,0.00089325,0.836375
192215915022.6633,0.0003793845490151238,5947.7748568653615,0.036240378527924486,1.6507611744664676,0.00188841,0.0003263923333333333,0.29974
204881069413.20593,0.0002446526390870969,12804.60816466458,0.03068302725509392,0.861406114309713,0.00439273,0.0007447399999999999,0.699982
200313516000.03513,0.00036964385122662127,12346.9485283283,0.02446712514678957,1.9194339892433345,0.00527322,0.0009021166666666668,0.838885
191153190265.71878,0.00042418628563771076,11011.903424169672,0.035399025153182634,1.7080541396645144,0.00360101,0.00061784,0.572087
207931619064.68887,0.0002472608723649642,14454.077761734861,0.02404936603253627,1.869611097172906,0.0112366,0.0018982933333333335,1.79704
202367325533.23712,0.0002802876391347704,5608.018979972126,0.03795341452571829,1.265859578398743,0.00180268,0.00031144133333333335,0.286319
198236399088.79077,0.00011928659717378542,11498.569989457505,0.028605396445780973,0.8631267349280998,0.0193031,0.00325642,3.11509
195173961059.78677,0.00025352936730647273,6686.042168596641,0.03701381087955011,1.2838327992467065,0.00266873,0.00045925,0.424028
195409886216.73566,0.0004652823256837319,8631.598409708728,0.03269894725058419,0.5843594768252953,0.000799568,0.00013777766666666667,0.126906
205861409531.21677,0.0002091235082963401,11251.174679102614,0.02257801456805344,1.9697692167568484,0.0103927,0.0017618866666666668,1.65108
195710219850.6815,0.00040381627852350145,14755.84585430008,0.03399677614627767,1.3274587093903853,0.00426229,0.00072695,0.678156
196941580774.2678,0.00015168677551323373,6326.900851096689,0.037222859113899345,1.8140341364600094,0.00688463,0.00117573,1.09582
202833800694.39816,0.00025493467108634406,11346.951827291672,0.04168055847067691,0.5770843844955975,0.00232005,0.00039510666666666664,0.369224
198551339046.87506,0.00024048748699121743,9445.033715246007,0.020022882989329353,1.2185620483120514,0.00421907,0.0007205233333333333,0.673858
197380097629.54266,0.0004901806178975328,12629.234410780387,0.03947185859633112,0.9312522856815204,0.00187327,0.0003212546666666667,0.297502
192119687338.1931,0.0004118340458300789,10666.2738770779,0.02688290115025955,1.5350735268561235,0.00320574,0.0005501866666666667,0.509924
195107981121.27197,0.00045925209943180074,11329.280843609347,0.024325021189775996,1.7425960845064103,0.00336742,0.0005780533333333333,0.536461
204744866562.35184,0.00033949261494143035,6475.378368093969,0.03656194644557896,1.9380652777025298,0.0025804,0.00044567,0.409675
209392226982.36127,0.0003064740535257402,7943.897378806393,0.02470422516922597,1.2146544443899017,0.00227026,0.00039085333333333335,0.361284
206474046682.9425,0.00019477457581763125,5760.639555689551,0.03905645521682245,1.0823242818374208,0.00241579,0.00041574666666666663,0.383803
208501023114.81342,0.0003079229255737582,14409.79561015757,0.037740238774765,1.694429074582648,0.00707136,0.0012023233333333333,1.12583
197236521394.08466,0.00038188319470766423,8205.413644040815,0.04374286573921228,1.8993593224319962,0.00304782,0.00052503,0.483992
197194549265.38736,0.00016479457283772442,7360.281535420376,0.04539544931324487,1.9360007560173913,0.00811828,0.0013835899999999999,1.29206
192937921843.7266,0.0002784748718914853,8370.94808414611,0.04041887071749371,0.5692044775507766,0.00142178,0.000243954,0.226008
199320356123.6728,0.0004760573566927541,13683.322527033628,0.031160674762416476,0.618769022434747,0.00141151,0.0002417103333333333,0.224301
199487904847.55753,0.00022197364167605402,7129.95938884578,0.04359092209936494,0.6974717566279581,0.00181421,0.0003113906666666667,0.288337
207669018665.09705,0.0003408517814811573,8513.67240641893,0.023402887122600705,1.034802758747288,0.00186851,0.000321645,0.296539
202272011901.3662,0.0002601707692001348,5714.620581290902,0.040036345085592805,0.7150848271694176,0.00113722,0.000196311,0.180606
195483772447.80908,0.0004298916321397618,12975.793883740052,0.02282245874187578,1.7099227231939609,0.00425755,0.0007286866666666667,0.679
207965345745.6971,0.00011720760321089224,6499.824453397802,0.0271857017853736,1.4932773831543236,0.00811551,0.0013771599999999999,1.29305
194426322721.16852,0.00015360231063541086,8657.876032660704,0.04779222505575095,1.2311875470345353,0.00770447,0.00130294,1.22812
197969149124.28864,0.00032935771420997665,5139.099327694861,0.027077116297467903,1.1494477018973341,0.00126212,0.00021839666666666668,0.200528
209053991571.15387,0.0004920649028156355,7463.623951454336,0.04202746732745591,1.1891539048089195,0.00119684,0.000206699,0.189994
203578277103.79297,0.00043534432009069006,5365.224747275448,0.02192303291931028,1.0228594600086298,0.000839342,0.00014530366666666667,0.133312
197743667963.63037,0.00022314765557729306,5164.851523268355,0.025110311064138278,1.2990334602182052,0.00225925,0.0003898233333333333,0.359773
203444649558.20996,0.0002894536404671692,13560.12890925583,0.025336968510897284,1.7801787606934556,0.00771697,0.0013116133333333335,1.226
208058863876.2533,0.000340000581906126,5062.836880736098,0.045008227291402164,0.6396901329589029,0.000630109,0.00010910966666666667,0.100014
207090919222.41382,0.00040270272510596085,11094.547347601747,0.036717976005640335,0.8041294117040596,0.00165026,0.00028333633333333335,0.26221
197275819128.0431,0.0004212164796566487,12617.429581757944,0.024876158765778655,1.1600757676097662,0.00282391,0.00048354666666666665,0.449849
191058248853.66782,0.00042833060113119,14614.481149711042,0.0357317865267726,1.3840333726375238,0.00418291,0.0007138066666666667,0.665421
201415895344.41266,0.0003104454809659294,6303.682498324517,0.027212884907229763,1.226793644909727,0.00178969,0.000308974,0.284028
206889182025.18634,0.00012816387392343366,7062.867989872962,0.024995940307886058,0.9988588481189932,0.00542373,0.0009202233333333332,0.864147
192290856708.7181,0.00029630738354510095,11686.513907546981,0.037517644212845355,1.8232623571911666,0.00665166,0.0011339899999999999,1.05759
195880624732.90405,0.0004859504150118608,9570.261915286559,0.04386304260149239,1.7542855990606456,0.00256999,0.00044239666666666665,0.408031
197943043127.68762,0.00046374989418668374,10687.501214253964,0.047694836172403415,1.715844421591837,0.00299367,0.00051453,0.475472
205377460697.8704,0.00048001830362773816,9172.318169838321,0.02900114148079067,1.8950976810352023,0.00253405,0.0004366466666666667,0.402162
193728687890.77823,0.00011385324026968958,10360.57472189272,0.03778972763388233,0.6730214554334439,0.0130765,0.00219995,2.10401
199190759635.42688,0.00039071307925751553,13365.736919499037,0.041783930709526074,1.0376238824289499,0.00296581,0.0005069100000000001,0.471527
202047446359.21674,0.00021230319183429777,8738.883851392853,0.02454524776533837,1.3932287707978892,0.00501715,0.0008567033333333334,0.798497
190929881750.8154,0.0002763943689555273,9923.305049920571,0.03224188286843553,0.9543006542635524,0.00307584,0.0005256633333333333,0.489574
206683787415.2595,0.0002630027057573528,14392.355022577945,0.026477232772055152,0.6096038783185649,0.00330212,0.0005590233333333333,0.525961
209122452606.912,0.000336221781507862,9394.664958490252,0.025565949229971963,0.7294130875095193,0.00150126,0.000258015,0.238933
208759042581.22507,0.00011667688111840496,10750.740071995688,0.02746341982740412,0.8391383843906428,0.0135176,0.0022662866666666665,2.1737
194267948092.6326,0.00029049133135569205,9613.276731087368,0.031712824252873584,1.085817733272995,0.00305792,0.0005236066666666667,0.4868
201193219984.52316,0.00042342742945001953,14231.015820945657,0.039327007638458415,1.0532400750615545,0.00290543,0.00049659,0.46191
191584307754.63083,0.00046609874016804954,13479.291604194568,0.04866565082668722,0.9333494357115587,0.00225568,0.00038603333333333336,0.358393
200149643569.99533,0.00045058348339017116,13399.481861736189,0.04505588367004985,1.0703005602903817,0.00253302,0.0004337266666666667,0.402472
202716503043.19348,0.0003196132856775593,7266.429957103626,0.04709917261275755,0.8860918965114688,0.00146834,0.0002531093333333333,0.23315
194555569244.35114,0.00034700323196838826,8482.378593519312,0.0484927785024029,0.9070020250047423,0.00172845,0.00029732,0.274543
208852213408.8522,0.00034992534533466474,10413.760296790915,0.02928299347105702,1.0452419190027271,0.00233471,0.0004007566666666667,0.370973
193127742149.79456,0.00015471849294774464,7431.933476439844,0.048415994689555,1.2000221266139115,0.00581277,0.0009881266666666667,0.925659
193455745339.1599,0.00032625581322756706,7870.197202397199,0.02023338848304689,1.941257261017855,0.00366475,0.00063062,0.584086
191533357232.31766,0.0003131544798275828,11506.699282771913,0.027789620922031386,0.5103010291638795,0.00169572,0.0002894563333333333,0.27026
191673268630.737,0.00032878137473478486,9186.175762012164,0.023621842196475437,1.1272617300360355,0.00259096,0.0004447066666666667,0.412294
200680603681.8044,0.0003449395808929078,13029.236029315276,0.03738773372260529,1.9583768782825988,0.00633879,0.0010820166666666666,1.00853
190468217825.993,0.0004560800164111357,9138.386688877355,0.027315388745813064,1.6695726731148195,0.00257857,0.0004438266666666666,0.409971
207446983069.8014,0.00010114348065649643,7296.150734669151,0.039401553935611275,0.5659912046665667,0.0050052,0.0008408700000000001,0.798669
207555323036.8005,0.00010272034293816398,11781.961754539203,0.034431567301017395,1.6867391259433109,0.0663133,0.011297500000000002,10.7969
201879364581.9606,0.0002079867361553228,6741.119729768108,0.024217290887246914,0.7237814749721243,0.00187615,0.000322088,0.298693
199159562425.2978,0.00026449713946792347,9204.278960497131,0.047990535244053986,0.8378410382934115,0.00243552,0.00041703333333333335,0.387107
196190872598.952,0.0004823521899586225,7834.516490959933,0.04019860258763039,0.5915750421368212,0.000691333,0.00011926833333333333,0.109754
200168816974.0205,0.00019014414797975736,12301.4863948276,0.03991515300614974,0.6032407746322169,0.0046415,0.00078091,0.741244
200330013455.34726,0.00038073249319229137,11938.076222653843,0.02964118335938082,1.9019784212247148,0.00480506,0.0008229033333333333,0.764289
203605380191.82898,0.0003886269658584679,7602.941535667411,0.033455456655129265,0.5891594900121252,0.000815019,0.00014059833333333332,0.129413
207420128353.2759,0.0004165260352618145,10556.68286897519,0.02739567756951566,1.9309002142393574,0.0035684,0.0006133366666666667,0.567241
200864169488.94943,0.0004928960638586548,13676.901831720343,0.020333786295268934,1.9847054736811454,0.00429487,0.00073575,0.6857
198445400716.37595,0.00028466788655523304,10008.159507957938,0.028918770010325945,1.205203490539386,0.00357914,0.0006123799999999999,0.569669
194355132937.51135,0.00037684562202542813,5505.961433227651,0.037699793737538984,1.0691324698257767,0.00111472,0.000192824,0.176929
190107188657.70178,0.0002452619144030241,12763.26150046997,0.04939102366103014,1.557790343375,0.00887368,0.0015013033333333332,1.41368
190497403597.3436,0.00018821411492943947,14059.483571761662,0.02027849417467776,1.4053481661586913,0.0164917,0.002749,2.63219
191431119060.61816,0.0004380586632661226,8544.58310746769,0.04681678241714276,0.7596388107145551,0.00112823,0.00019433666666666667,0.179132
193965570964.44263,0.0004171901717281807,11856.647405193014,0.022151893529794256,1.3887435675442652,0.00322754,0.00055305,0.514513
205920693830.06677,0.0001895406047530923,5254.343497283049,0.04334985705986602,1.4529685063762747,0.00299697,0.00051634,0.476091
196971859378.31158,0.00040020931590931553,6179.731010202735,0.03899221261858904,1.364326170194911,0.00149318,0.00025808900000000003,0.237053
203794518104.81866,0.00020071602985923036,13646.91672367673,0.026526275022840808,1.63591854130253,0.0134563,0.0022601966666666667,2.14749
204812320506.99933,0.00028975783830180235,14988.71175659868,0.039747484811699915,0.5490985022577874,0.00275234,0.00046647333333333334,0.438423
200837890012.8416,0.00012186522532201106,12695.22318173632,0.03880644683535127,1.7843008183175995,0.0509095,0.008628433333333334,8.24549
209163637455.3157,0.0003988003828981131,10435.62650864462,0.0455660530792963,0.8162209129660668,0.00155095,0.0002665746666666667,0.246365
203800307425.49988,0.0003549298834419503,8777.83842918721,0.04427170871857937,1.398605862825911,0.00255488,0.00043964333333333335,0.405736
205734560593.53516,0.0004294618528196434,12566.856036463609,0.04613298979746122,1.6478559324573263,0.00368326,0.0006314066666666667,0.585082
204623645178.07468,0.00021074651334220635,6531.504169562673,0.043467312969521235,1.8453247625783529,0.0044278,0.0007610266666666666,0.703596
208103907062.3255,0.00020277817487346996,11262.185646000436,0.047512578046392064,0.8228241809948595,0.00448181,0.00075948,0.713643
209688718413.72217,0.0001846288951227467,10250.68287769442,0.0458141563137158,1.8313278278385614,0.00983784,0.0016680733333333333,1.5662
205692910774.23306,0.00035041455693217145,5425.8195267359715,0.029432863382568498,0.7865474221595192,0.000820372,0.00014196866666666666,0.130155
207221948386.90073,0.0003123381363597493,14299.302517000886,0.03840259512286024,1.212630018908858,0.0049427,0.0008407166666666667,0.786814
205649867989.63412,0.0002880770320154744,7090.653972882389,0.038929057984115105,1.699829474692764,0.00304454,0.0005246133333333333,0.483452
190538248533.9755,0.00027465591422469747,6072.148122235072,0.0316490067950343,0.9905295634425867,0.00170784,0.0002944723333333333,0.271452
205808866085.2152,0.0003335027007006042,14635.939748905355,0.039814157318964594,0.5435839504477195,0.00210293,0.00035792333333333333,0.334708
206332445774.9532,0.0003632775894976056,8057.189908025971,0.04634382001132698,0.6651906420388458,0.00104956,0.00018089066666666668,0.166671
208451405042.80667,0.00036822754068790634,6363.156848886258,0.04810663827512201,1.3857981700071333,0.00161425,0.00027901566666666667,0.256257
199469870261.65527,0.00018726241591092384,11609.041226552263,0.03154116443608701,0.6605610486706096,0.00472747,0.0007966233333333334,0.75522
204657622075.40503,0.00020699220085619943,8930.533858288873,0.03279526350457977,1.48053312918794,0.00560067,0.0009556033333333333,0.891831
204689401900.50644,0.0002590048176928172,11719.221134850486,0.044137557291127186,1.9806630893924875,0.00804971,0.0013705366666666666,1.28107
201624321639.11142,0.00012691474890799578,13456.247474710197,0.0483365516454211,0.8109656461137665,0.0237004,0.004023133333333333,3.83639
207034133997.5441,0.00041410251220660847,7459.107676330693,0.03822618268312679,1.2386323597012265,0.0015282,0.000263808,0.242584
198325131635.5911,0.00019787266186942806,8463.312958011118,0.025435600291356164,1.1343254502839697,0.004441,0.0007573066666666668,0.708766
203887469846.21222,0.00014866005241611334,10868.527086079599,0.042092751297617574,1.8322165122721477,0.0173457,0.002906803333333333,2.77327
206821868663.44623,0.00021590315708776132,10155.482957948367,0.03627439279932284,0.6686466639307105,0.00283285,0.00048226333333333335,0.450933
194963017397.1635,0.00023329426460984173,14251.848767811174,0.042963028354693046,0.8540344882756641,0.00620067,0.0010438466666666667,0.989207
204271703654.4429,0.00047182728357486446,8330.775087416596,0.02164611225697718,0.5251014078196214,0.00064422,0.00011111366666666667,0.102049
205579101487.33096,0.00040807740702298635,5265.207855991727,0.049861910653026864,1.5145946707346596,0.0012923,0.00022375866666666665,0.205106
194937651009.39935,0.0002613040302426149,5634.784519367518,0.03328497609262546,1.0771023950870915,0.00175145,0.00030226233333333335,0.278007
193070349846.25482,0.0004332193853070884,11025.264820518818,0.026988992335909217,0.8874771572773144,0.00180307,0.00030945766666666666,0.286492
199846979507.64496,0.00047969152114220396,8882.208198170298,0.03611150519492902,0.9458946995876379,0.0012588,0.00021691600000000002,0.199855
194180000739.81314,0.00035129742569971965,10737.950794425946,0.029239598233032994,1.2755042561073706,0.00324163,0.00055538,0.515325
204120468083.60944,0.00032215750350672806,7580.461451642424,0.03002111724384623,1.0324791859926483,0.00176983,0.00030494433333333335,0.28128
204510378561.09262,0.0001572739523854535,7651.306036550091,0.036423805939643485,0.5026588910527571,0.00227481,0.00038716333333333337,0.362379
194395817274.8794,0.00025638907380054644,13307.281684720618,0.04367824487122789,1.3362663352404054,0.00731339,0.0012380366666666666,1.16437
203357374216.78735,0.00013774557862169726,9958.628885632355,0.042562726210355534,1.5339552068333102,0.0142391,0.00238758,2.27593
190194735920.37088,0.00023257799475212012,13279.522088890679,0.048974348418257624,0.5458288662492903,0.00365069,0.0006157133333333333,0.581872
192068355881.8532,0.0002735342841302815,13517.176336236142,0.040894576430483366,1.7939034274632766,0.00925261,0.0015676866666666667,1.47342
192783769574.37115,0.0004836705279119123,14765.822095930665,0.042453177726654356,1.5902971185133787,0.00409715,0.0007003033333333334,0.651133
204355816763.14355,0.00021394936737635406,11546.93072376255,0.0410360654076936,0.7269644241317281,0.0038992,0.00066081,0.620573
202737446317.21408,0.00047111395630479626,10026.240754484012,0.03755002277220988,1.7336293607301942,0.00267189,0.0004597966666666667,0.424379
202091125230.15683,0.00021008941081099004,7002.905504217325,0.04904899554341208,1.1143894604096638,0.00298975,0.0005130333333333334,0.475164
197568931750.0798,0.0003279909713531134,13210.081940287222,0.020126246785803,0.6428984791891525,0.00233056,0.00039715666666666666,0.370607
204196948137.4948,0.00033520149812825536,12737.263522277082,0.03994493750096205,1.1765553904317336,0.00374481,0.0006395266666666667,0.595481
197663511124.62054,0.0004984300032330581,9244.89980756836,0.049731058841464795,1.190600302409483,0.00160904,0.0002771506666666667,0.255448
192351961792.43668,0.0004251849364301793,6090.983269265791,0.03616243561518308,1.3511259792417598,0.00139668,0.00024142266666666668,0.221693
200449442567.37903,0.00011573768806099011,5480.103925837891,0.03218362832373124,1.225255463724336,0.0054751,0.0009326933333333333,0.872156
206255860307.7152,0.00023997840660531643,5970.759198542824,0.02347421847479041,1.464560363498713,0.00264219,0.0004555866666666667,0.419297
208150376624.7579,0.0004418818601890226,12554.718449772041,0.04716064577033679,0.7646762628734326,0.00162306,0.000278374,0.257821
199409217380.9024,0.000277435507322297,10480.734251849572,0.049949324310112606,0.6740945784238128,0.00219135,0.0003744666666666667,0.348354
196730656912.32883,0.0001791985720748571,9885.185302111244,0.04720595417179446,1.0630012269838434,0.00628931,0.0010643733333333333,1.0025
196439916727.80945,0.0004311822201920667,7180.206345184681,0.0407221477397338,0.988507898905808,0.0011845,0.00020447300000000002,0.188065
200595890319.88934,0.00023499307330510197,11041.068144507619,0.03183168726561165,0.7535686745784045,0.003345,0.0005687733333333333,0.532568
191308743100.716,0.00030849610211842944,7145.548080984359,0.04229654237716343,1.402947906663307,0.00255056,0.00043925666666666665,0.405039
190898063998.8839,0.0002783859644416343,8903.04728414175,0.028182181143356348,0.5325252143206031,0.00146552,0.0002510836666666667,0.233137
205524925518.18027,0.00012003770044109155,11431.61967334577,0.04742738515308424,0.7769371759460243,0.0142294,0.002393213333333333,2.28725
204415297289.54745,0.0001252793850753571,13016.941013459556,0.020877948712153118,1.6380617244731333,0.0449142,0.0076049666666666675,7.29549
208402909204.06854,0.00033393214704912575,8086.242294020389,0.028977874644044596,0.9231981148863074,0.00159879,0.00027538433333333337,0.254264
195380538478.09378,0.00030537275806973057,14505.719724530807,0.029402805886362373,1.6522076347609664,0.00781204,0.0013251333333333332,1.24549
203935924851.31863,0.00023526088308370045,14157.170475749743,0.022714909035333956,1.2962249078594423,0.00844737,0.0014251033333333334,1.34433
204319373339.4991,0.0003209563621230511,14211.150198994574,0.03395904611124491,0.6920001365067333,0.00274233,0.00046660666666666664,0.436547
201483050330.97418,0.000418703580459916,12140.319971370911,0.021075191158152543,1.1080525787447306,0.00251435,0.00043099333333333333,0.399624
190391657585.264,0.00025826526894068985,9534.002798734602,0.034507180681581456,1.344062237760725,0.00451662,0.0007715966666666667,0.718487
201156322392.221,0.0003425761064615889,12856.527184013972,0.04433620506456564,1.7833466486022098,0.00569624,0.0009726033333333333,0.90565
200650027730.66873,0.0003178016385193,13631.736500999157,0.04487795798505293,1.6844375193729637,0.00653132,0.0011118966666666668,1.03894
201028166348.86996,0.00013600570829690512,6808.947351435313,0.048712794989251185,1.7478936059417205,0.00847407,0.0014409633333333333,1.34946
201893313938.37106,0.0002632430524691296,12166.822550461482,0.04741460335938631,0.7093823854196618,0.00303816,0.0005167466666666666,0.483436
192527377834.72546,0.00026692339044311845,6124.914966835515,0.02235152663172591,1.1255648424310107,0.00200399,0.00034545999999999996,0.318217
198071152677.98587,0.0004149269567967038,13864.380311533543,0.02635477585652043,1.437026423870981,0.00402044,0.0006870433333333333,0.640859
208575796438.22104,0.00045450173550063935,9684.301496343023,0.035225842920697074,1.773087488810583,0.00264367,0.00045522333333333336,0.419667
191345612742.95895,0.0003936836851181092,6388.753043454132,0.04057949425776472,0.7849353517405097,0.000939621,0.00016230133333333335,0.149187
209623541976.711,0.00043270666023324057,11743.734812063203,0.03429813989970422,1.5466130149436563,0.00307224,0.00052745,0.488106
193700891353.76096,0.00019696707930788476,6568.286867807985,0.030104486383352037,1.050465565027542,0.00298767,0.0005123033333333334,0.475618
190840158047.11307,0.00043986431504468076,5862.663184752148,0.04318489307867833,1.2496895415363445,0.0012025,0.00020792466666666668,0.190862
190352978499.52615,0.00015048643012840763,10797.861783514734,0.026001602779892944,0.5560703650656279,0.00594773,0.00099395,0.95346
207146660734.62552,0.00018044782179458342,14876.879521287361,0.039269587304502855,1.0283034832206883,0.0124402,0.0020752,1.98978
190645304938.09067,0.0003579422581146072,9918.302572290306,0.023293403460807407,1.2372501820182247,0.00283676,0.00048667666666666665,0.451301
203242768876.18976,0.00012572263721781173,12664.415367065298,0.02865090896047837,1.6560147968035102,0.0400595,0.0067686,6.48061
195124710418.98492,0.0003977990502632289,12474.636551774427,0.03122662525978858,0.5621318557114544,0.00147187,0.00025186333333333333,0.234117
192904013468.25543,0.00030324757821113303,8406.941023424377,0.03570445008819297,0.5224708561413033,0.00117701,0.00020216366666666666,0.186959
203852393634.02,0.00016127131206441342,8352.421631335548,0.033190885665093955,1.2887064171920048,0.00648168,0.0011007733333333334,1.03295
204782913614.76758,0.00047380069206830113,9972.596480387305,0.02935237173035494,0.6799500719402001,0.00102199,0.00017590633333333333,0.16232
202156892474.15607,0.00015916500606004855,11299.387689355886,0.023204564163508655,0.9838660586705885,0.00898664,0.0015068566666666665,1.43711
202568097965.06595,0.00016540640544599367,10809.16995658946,0.026611453231378014,1.0942935446409323,0.00842302,0.0014174699999999999,1.34772
200201185666.62033,0.00022530967407021401,6989.154477292119,0.031611177334944895,1.3323993313751918,0.00329818,0.0005664666666666667,0.524746
195872379202.95288,0.0001395434738180783,5926.2317150567715,0.020089424075843736,1.0022476141059995,0.00394678,0.00067356,0.631235
202939342639.47913,0.000250500683231569,5358.07707605732,0.03513641105172219,1.4871829000284276,0.00228154,0.00039405999999999995,0.362369
208024344530.49628,0.00014561804590400485,6237.675931396298,0.02974622347331247,1.7923002716620495,0.00652767,0.00111567,1.03769
197847842863.86917,0.00046718914918378703,10618.990254830467,0.03633825376877832,1.0907973573990004,0.00187355,0.000322046,0.297642
193819987345.61768,0.0001390125131185367,10105.348804132107,0.0439012555390056,0.7683980168887136,0.00803603,0.00134335,1.28521
208797902806.0292,0.0004906114310998454,12053.87656596714,0.029499251365396623,1.064848749633442,0.00188511,0.000323791,0.299571
195631465759.88306,0.00011223418447370428,9302.027767818665,0.03255567700829841,0.8326851903523211,0.0118703,0.001984913333333333,1.90482
207877914492.32803,0.00034579191724183926,8960.22992592429,0.02170182959529199,1.864521804240464,0.00352102,0.0006057,0.560747
206209107334.6432,0.0002502926474719525,12501.395702501493,0.024753381186626143,1.259401609867921,0.00590947,0.0010034566666666668,0.943544
209021312400.85922,0.0003438313170396224,7358.50343115527,0.041339760334932474,1.4319967872844352,0.00213075,0.00036757666666666663,0.338291
192490990733.7443,0.00044990548414447506,10888.96829972106,0.020392496588374432,1.905433032746493,0.00365633,0.0006277666666666667,0.583588
208814748690.25323,0.00044136536186257976,12441.119558968452,0.03473857398742577,1.9314391892476568,0.00404441,0.0006937733333333332,0.642635
208977971851.4138,0.0003996054675179737,6941.634954199634,0.032909229453019655,1.271242391448932,0.00148751,0.000256966,0.236186
195461340409.83417,0.0004389420351038613,13934.971728430475,0.024667775840635762,1.3203698941899131,0.00351464,0.0006008533333333333,0.559771
208193500942.25,0.00041771622670952414,11830.514426011403,0.040123240251920725,1.4405027945051558,0.00304207,0.0005219900000000001,0.483268
190793724687.3891,0.0004407931033058506,9771.456466418756,0.023833494956313744,1.5535405296236493,0.00270357,0.0004648233333333334,0.430679
191951828722.894,0.0002081283393563923,5023.395410076168,0.03816838144048334,0.7508608402491682,0.00142401,0.00024552533333333334,0.226244
204378154331.22342,0.0004619682263346511,8238.926239032016,0.0437730773942963,0.6201319559786495,0.000769227,0.00013268,0.122114
208326866491.00006,0.0001288329396247608,6403.1691362891315,0.04264025683374018,1.5179491633108582,0.0068813,0.0011717466666666667,1.09552
195828125982.94888,0.00021334745481676727,8134.620961766315,0.045224154718148175,1.5928992275363427,0.00536759,0.00091763,0.853512
194462292179.17456,0.0002282533563840664,5151.931176843602,0.044713171421293656,0.5331854473925965,0.000917438,0.000158317,0.145714
203752211839.9002,0.0001717982831516527,10913.566536693646,0.02998465619393787,1.9577288210636918,0.0140906,0.0023746433333333332,2.25208
205337648429.5212,0.00035201253370788997,7229.171593586609,0.036047795404726496,1.4337077180275564,0.00207585,0.00035815666666666663,0.329643
201386360829.9637,0.0003207159038626665,13557.597102088266,0.022511654349552088,1.5298249043277274,0.00579529,0.0009868366666666666,0.925059
190589305438.82788,0.00033244620431440656,7498.787546498981,0.04184292502084429,1.9133833083824756,0.00338683,0.00058325,0.537923
202309688593.56482,0.00041251707506717204,9853.87117376623,0.027698801676577,1.923343149217057,0.00340756,0.00058603,0.541526
205175473538.32892,0.0002755851525689864,10086.841180460211,0.036633911087659204,1.5419805888594649,0.00461833,0.0007902233333333333,0.734615
194084271061.20108,0.00024381330842474907,5238.763381832804,0.02681955435767486,1.6218875905920134,0.0026374,0.0004552933333333334,0.418327
203557082574.06604,0.0004102349223705031,13147.10539186411,0.037180552326800106,1.7975857437980347,0.00458085,0.0007840433333333334,0.727894
204959868641.1211,0.0002869978254787231,9804.822250520265,0.03177913591361414,0.5073450855644721,0.00138686,0.00023760533333333335,0.220437
196680466449.45673,0.0003659918123849675,8434.601083441481,0.04254631258187025,0.55830854774093,0.000977727,0.00016830333333333334,0.155309
200102789860.35318,0.00017947774079083746,10966.375039234084,0.02076802043269695,0.8354430986100925,0.00579771,0.00097774,0.926073
191210989840.79865,0.00044504055397497403,10846.173034866282,0.022816019526501707,0.9110754120410002,0.00177722,0.00030512233333333333,0.283128
206632655969.77643,0.00034796680344628943,11111.34187007765,0.03850785251325371,1.2339779036095582,0.00306003,0.0005245,0.48648
191464987557.42365,0.00022735013776971835,14346.685423786803,0.04495340745832789,1.0205120538843755,0.00815593,0.0013703300000000001,1.302
195249715891.79532,0.00023792835533425615,6421.462637935545,0.04473918559744873,1.5265997773519102,0.00326232,0.0005613633333333333,0.518296
205267299941.0966,0.00010803436823088356,10073.751441877394,0.023939491624283722,0.8296595706231056,0.0145799,0.002446916666666667,2.34222
196619864225.39697,0.0003903018920690642,7801.956168703133,0.03486771414634529,0.731349456051841,0.00108128,0.00018640266666666665,0.17163
206759415005.21564,0.00010539104931134966,8165.284549805826,0.044652972147387844,1.4611176826284715,0.0152029,0.0025431766666666666,2.43124
195024669750.33936,0.0003113396173610671,9592.443456862375,0.026562116126974445,1.0583101759422777,0.00269721,0.00046239666666666665,0.428643
197822725943.98404,0.00046037027731069306,5653.304083586763,0.02985150562742834,1.6589747503766703,0.00140116,0.000242419,0.222348
204078426753.16962,0.0002913465760094873,12526.65408995451,0.03555386318241607,0.7126211167431642,0.00270424,0.0004607366666666667,0.430509
199101487302.46213,0.00023660919218046554,12593.249517562646,0.03384316838318254,0.8666584115661897,0.00475835,0.0008056866666666667,0.758372
197512450587.40506,0.00021704702186657056,7857.765131786542,0.04108576156593441,1.5398884371799408,0.00477136,0.00081678,0.758563
205896204184.3814,0.00017316289362049702,6970.827734074506,0.038241997733021754,1.4567766309640553,0.0049313,0.00084352,0.78419
206938023441.02737,0.00023855157210309492,10463.830198456217,0.04792002008355238,0.7758089991571815,0.00295705,0.0005042433333333334,0.470256
197892112951.24915,0.000384470183360969,7310.989060814978,0.034388658887376064,1.5732398492951916,0.00217612,0.00037542666666666663,0.345535
191961505399.04572,0.0003848164309992581,5728.565700550061,0.021267014659630212,0.7718681802746884,0.000834013,0.00014420366666666667,0.132711
201342463472.69266,0.0002739895386526983,10596.220816691028,0.025054198575880034,0.634899837167267,0.00211012,0.00036041666666666665,0.336595
199901338821.71664,0.0003023168965507719,11911.191124214623,0.020835099530273474,1.172282771019928,0.00404973,0.0006909366666666667,0.646302
194312866619.22287,0.000309193149631851,13411.581907798298,0.021766625951501112,1.9449953885121116,0.0080739,0.0013727533333333334,1.28983
206312089775.7436,0.0004969980123013711,8683.412736192273,0.046031165808548324,1.1632580237195935,0.00139598,0.00024072166666666667,0.221623
198436499016.98303,0.0003712339486587174,5689.9005765775555,0.030147118319074066,1.8559481667634792,0.00199493,0.0003450233333333333,0.316828
195351422241.00708,0.00033141215457025135,14094.580273087302,0.04313026251844946,1.3623557737695162,0.00543335,0.00092427,0.864589
202968182584.75247,0.00043714739615105714,12028.79515003999,0.022049686570276436,1.7398994770119376,0.00366405,0.00062852,0.583149
193941609729.7269,0.00044751826770033975,5106.608619837712,0.02597168169582116,1.1191794648783908,0.000890581,0.00015417366666666668,0.141428
207638268449.2157,0.00014723499338086465,12926.899204301928,0.028825558852421364,1.13729368492909,0.0162278,0.00271389,2.60632
191252480767.4406,0.00011869551722643477,8530.307016399052,0.0336413909159249,0.802710417039131,0.00846281,0.0014156400000000001,1.35517
202232906520.79535,0.000472193489833726,10163.700821722634,0.046058719710117005,0.7483391394246731,0.00117234,0.00020170933333333335,0.186176
196339733841.8663,0.00010786749429981851,12643.095284571791,0.0330319639505911,1.9731776574537532,0.120822,0.0207061,19.7045
197100429046.41513,0.00036794005828570854,12119.284164306388,0.024423083250839535,1.1593205691155817,0.00319449,0.0005464766666666667,0.508476
202454708274.5672,0.00020513573884819997,11371.61454285785,0.020659524067753406,1.837993960434177,0.0105421,0.0017839266666666669,1.68926
197137760505.75815,0.00028293931231154485,8862.718042687738,0.023871262663130846,1.4160530491989949,0.00363213,0.0006228733333333334,0.577549
200742906675.35516,0.00019887736333807233,7176.035916008681,0.048247580504569065,1.006651570817862,0.00303178,0.0005194033333333334,0.482015
196390736715.84494,0.0004516412397400879,13904.301700150023,0.033524606123804285,1.917479066913068,0.00486885,0.0008328166666666668,0.773928
192177141258.94122,0.00021180701147996547,12065.714374493724,0.028458268199378862,1.8427783186535047,0.012087,0.00203974,1.92417
209897228951.3743,0.0003481991990598294,10304.133232832586,0.022322286831880367,1.99177802185594,0.00439221,0.0007540266666666667,0.700218
191770627290.9706,0.0004917918526047923,11969.130042177405,0.04632762874631226,1.1211164839466616,0.00217729,0.00037356,0.345864
194585060377.94217,0.000419251890575218,10642.870314522963,0.04662102369019894,0.8713108942082347,0.00174555,0.00029971766666666666,0.277235
199360013243.43048,0.00018493150716786575,7723.165046637885,0.04125999931732345,1.87880047106065,0.00702416,0.0011992366666666668,1.11752
205636807286.93268,0.00016285860947925308,9063.938161013766,0.02055598042414131,1.6750552841940622,0.0093919,0.0015911533333333335,1.50402
201994479834.5745,0.00037458033645828567,6211.839854572861,0.036750261774187484,1.640401060205706,0.00189035,0.00032673133333333335,0.300085
206006317892.5565,0.00038101714306507746,12489.888120595748,0.03245888120233757,0.7021343664508792,0.00181262,0.00031032166666666665,0.288187
205032047996.69592,0.00022120061444533615,14590.12507947222,0.03783888622516485,1.314476298552724,0.0100538,0.0016907966666666668,1.60573
209279457098.59027,0.000129826107718136,9033.23952754231,0.02856087417551975,1.6715900421518817,0.0135872,0.0022855166666666668,2.1695
190604771784.7496,0.00040763921683522393,14036.752023146997,0.04545574987253945,0.5935762171095043,0.00181922,0.0003104996666666667,0.289229
199023548154.55377,0.00048738393522361343,10828.163434861512,0.04439907940468449,1.0972392399405293,0.0018213,0.000313089,0.289195
207817217042.35846,0.00017409193311860042,13236.680851617155,0.04961620302469172,1.8510703819827021,0.0183111,0.00306305,2.92629
191748234284.8206,0.0003889071677450786,10990.088075852276,0.03497789554142741,1.776704575282739,0.0041512,0.00071163,0.659926
201233464664.7286,0.0003856751016058536,8295.449634949977,0.029159713125464615,0.6288171873643763,0.000986854,0.000170026,0.156893
201263131551.05463,0.00013292543583541194,8599.079849637674,0.03339149487305933,1.0106680596026263,0.00768507,0.0012944733333333334,1.22783
194217824453.5486,0.0004065206304678335,9344.645974168174,0.02359976009134672,0.6070199725602243,0.00107829,0.000185458,0.171341
